Translate Post into Chiness,Translate Posts,Translate into chinese language where post title is [[post_title]] and post content is [[post_content]],system
Comments For Post,Comments Posts,Give the feedback of post and feedback should be related to content where content is [[post_content]],system
Create New Post,Create Posts,"Write post content for ""[[keyword]]"". Must include introduction, table of content, pros and cons and FAQs. Use keyword in title and subheadings.",system
Rewrite Post's Title,Rewrite Posts,Rewrite the post title [[post_title]] attractive to human and SEO friendly.,system
Rewrite Post's Body,Rewrite Posts,"Rewrite the post content where the content is ""[[post_content]]"" and give the content in paragraph with heading",system
Rewrite Post's Title and Body,Rewrite Posts,"Rewrite the post title where post title is ""[[post_title]]"" and post content is ""[[post_content]]"", make it SEO optimized",system
Translate Product into Chiness,Translate Products,translate the product into chinese language where product title is [[product_title]] and product description is [[product_description]],system
Comments For Product,Comments Products,Give the feedback of Product and feedback should be related to content where product description is [[product_description]],system
Rewrite Product Title,Rewrite Products,Rewrite the Product title [[product_title]] attractive to human and SEO friendly.,system
Rewrite Product Description,Rewrite Products,"Rewrite the unique product description where the description is ""[[product_description]]"" ",system
Rewrite title and description,Rewrite Products,"Rewrite the product title where product title is ""[[product_title]]"" and product description where the product descrption is ""[[product_description]]"" make them unique and SEO optimized",system
